Cyber_Crime_ID,Category,State/UT,Personal Revenge,Anger ,Fraud ,Extortion ,Causing Disrepute ,Prank ,Sexual Exploitation,Political Motives ,Terrorist Activities - Terrorist Recruitment,Terrorist Activities - Terrorist Funding,Terrorist Activities - Others,Inciting Hate against Country,Disrupt Public Service,Sale Purchase Illegal Drugs,Developing own Business,Spreading Piracy,Psycho or Pervert ,Steal Information ,Abetment to Suicide,Others ,Total ,Year
CC1,State,Andhra Pradesh,24,5,537,65,0,0,61,12,0,0,8,0,1,0,0,1,0,0,0,217,931,2017
CC2,State,Arunachal Pradesh,0,0,0,0,0,0,0,0,0,0,0,0,0,0,0,0,0,0,0,1,1,2017
CC3,State,Assam,246,83,48,65,40,40,217,10,0,0,44,2,0,0,0,0,0,3,0,322,1120,2017
CC4,State,Bihar,12,5,397,3,0,0,16,0,0,0,0,0,0,0,0,0,0,0,0,0,433,2017
CC5,State,Chhattisgarh,8,3,47,4,29,18,16,3,0,0,0,1,0,0,0,0,0,0,0,42,171,2017
CC6,State,Goa,0,0,8,0,5,0,0,0,0,0,0,0,0,0,0,0,0,0,0,0,13,2017
CC7,State,Gujarat,6,5,305,12,79,3,24,4,0,0,0,6,2,0,1,0,0,0,0,11,458,2017
CC8,State,Haryana,7,6,43,4,9,2,36,0,0,0,0,0,1,2,7,4,0,1,0,382,504,2017
CC9,State,Himachal Pradesh,5,4,8,6,3,3,10,3,0,0,0,0,0,0,4,1,0,0,0,9,56,2017
CC10,State,Jammu & Kashmir,0,1,15,10,0,3,7,0,0,0,3,0,10,0,0,0,0,0,0,14,63,2017
CC11,State,Jharkhand,31,11,460,17,0,6,14,16,0,0,0,12,23,5,36,2,2,1,0,84,720,2017
CC12,State,Karnataka,36,12,2764,28,94,1,55,20,0,0,2,21,2,0,8,2,2,1,0,126,3174,2017
CC13,State,Kerala,62,28,77,11,30,0,65,9,1,0,1,1,1,0,2,0,8,0,0,24,320,2017
CC14,State,Madhya Pradesh,2,26,155,6,135,4,33,0,0,0,0,19,1,0,0,8,0,0,0,101,490,2017
CC15,State,Maharashtra,47,80,2171,23,97,16,462,3,0,0,7,57,2,0,13,2,4,1,0,619,3604,2017
CC16,State,Manipur,0,2,35,0,0,0,10,0,0,0,0,0,0,0,0,5,0,1,0,21,74,2017
CC17,State,Meghalaya,9,1,15,1,0,0,4,1,0,0,1,0,0,0,1,0,0,0,0,6,39,2017
CC18,State,Mizoram,0,0,7,0,0,0,1,0,0,0,0,0,0,0,0,0,0,0,0,2,10,2017
CC19,State,Nagaland,0,0,0,0,0,0,0,0,0,0,0,0,0,0,0,0,0,0,0,0,0,2017
CC20,State,Odisha,11,0,531,57,4,0,14,6,0,0,1,0,0,0,13,43,0,1,0,143,824,2017
CC21,State,Punjab,7,6,53,11,16,4,49,2,0,0,0,6,1,1,0,1,0,0,0,19,176,2017
CC22,State,Rajasthan,2,3,331,19,35,3,29,1,0,0,20,16,0,0,23,2,0,1,0,819,1304,2017
CC23,State,Sikkim,0,0,0,0,0,0,0,1,0,0,0,0,0,0,0,0,0,0,0,0,1,2017
CC24,State,Tamil Nadu,42,14,51,11,17,2,28,14,0,0,13,6,5,0,3,3,0,0,5,14,228,2017
CC25,State,Telangana,14,201,529,95,0,0,58,2,0,0,0,4,0,0,0,2,0,0,0,304,1209,2017
CC26,State,Tripura,0,2,3,0,0,0,1,0,0,0,0,0,0,0,0,0,0,0,0,1,7,2017
CC27,State,Uttar Pradesh,41,208,3450,419,366,192,117,23,0,0,9,51,3,0,35,12,1,0,0,44,4971,2017
CC28,State,Uttarakhand,0,3,54,17,23,0,18,0,0,0,0,0,0,0,0,0,0,0,0,9,124,2017
CC29,State,West Bengal,8,3,45,7,15,17,81,9,0,0,0,4,0,0,0,0,0,0,0,379,568,2017
CC30,Union Territory,A & N Islands,0,0,0,1,1,0,0,0,0,0,0,0,0,0,0,0,0,0,0,1,3,2017
CC31,Union Territory,Chandigarh,0,0,24,4,0,0,0,0,0,0,0,0,0,0,0,0,0,0,0,4,32,2017
CC32,Union Territory,D & N Haveli,0,0,0,0,0,0,1,0,0,0,0,0,0,0,0,0,0,0,0,0,1,2017
CC33,Union Territory,Daman & Diu,0,0,0,0,0,0,0,0,0,0,0,0,0,0,0,0,0,0,0,0,0,2017
CC34,Union Territory,Delhi,8,2,50,10,4,7,33,0,0,0,0,0,3,0,10,2,0,0,0,33,162,2017
CC35,Union Territory,Lakshadweep,0,0,0,0,0,0,0,0,0,0,0,0,0,0,0,0,0,0,0,0,0,2017
CC36,Union Territory,Puducherry,0,0,0,0,0,0,0,0,0,0,0,0,0,0,0,0,0,0,0,5,5,2017
CC37,State,Andhra Pradesh,34,26,733,45,7,0,92,12,0,0,1,1,1,0,2,14,2,0,1,236,1207,2018
CC38,State,Arunachal Pradesh,0,0,2,0,0,0,0,0,0,0,0,0,0,0,0,0,0,0,0,5,7,2018
CC39,State,Assam,239,46,389,153,234,0,113,9,1,0,3,3,0,0,0,0,0,0,0,832,2022,2018
CC40,State,Bihar,5,8,351,2,0,0,8,0,0,0,0,0,0,0,0,0,0,0,0,0,374,2018
CC41,State,Chhattisgarh,0,1,23,2,25,0,21,4,0,0,0,1,0,0,1,0,0,0,0,61,139,2018
CC42,State,Goa,0,0,11,0,12,0,4,0,0,0,0,0,0,0,0,0,0,0,0,2,29,2018
CC43,State,Gujarat,17,32,401,24,154,16,23,0,0,0,0,17,0,0,1,0,0,3,0,14,702,2018
CC44,State,Haryana,6,9,137,21,11,2,75,0,0,0,12,2,0,0,2,0,0,0,0,141,418,2018
CC45,State,Himachal Pradesh,4,1,18,1,3,1,15,4,0,0,0,0,0,0,0,0,0,0,0,22,69,2018
CC46,State,Jammu & Kashmir,2,0,20,7,7,3,10,3,1,0,0,2,3,0,0,1,0,0,0,14,73,2018
CC47,State,Jharkhand,16,6,783,44,16,0,16,1,0,0,16,0,0,0,32,0,0,0,0,0,930,2018
CC48,State,Karnataka,27,10,5441,97,49,1,85,22,0,0,1,3,3,0,5,5,1,1,0,88,5839,2018
CC49,State,Kerala,69,18,93,8,48,3,50,18,0,0,3,0,0,0,6,0,0,0,0,24,340,2018
CC50,State,Madhya Pradesh,93,10,230,19,109,2,49,1,0,0,3,29,1,0,4,20,0,0,1,169,740,2018
CC51,State,Maharashtra,99,129,1998,31,64,18,724,20,0,0,0,33,2,2,13,6,0,3,0,369,3511,2018
CC52,State,Manipur,0,0,14,3,0,0,9,0,0,0,1,1,0,0,0,0,0,0,0,1,29,2018
CC53,State,Meghalaya,0,0,35,0,3,0,3,3,0,0,0,11,0,2,0,6,0,0,0,11,74,2018
CC54,State,Mizoram,0,4,0,0,0,0,0,0,0,0,0,0,1,0,0,0,1,0,0,0,6,2018
CC55,State,Nagaland,1,0,0,0,1,0,0,0,0,0,0,0,0,0,0,0,0,0,0,0,2,2018
CC56,State,Odisha,7,0,506,224,0,0,37,0,0,0,0,0,0,0,0,0,0,0,0,69,843,2018
CC57,State,Punjab,14,7,48,15,19,4,85,2,0,0,0,3,0,2,2,0,0,0,0,38,239,2018
CC58,State,Rajasthan,9,11,499,31,66,14,60,3,0,0,0,9,0,0,17,2,0,0,0,383,1104,2018
CC59,State,Sikkim,0,0,0,0,0,0,0,0,0,0,0,0,0,0,0,0,0,0,0,1,1,2018
CC60,State,Tamil Nadu,39,13,55,7,17,6,36,52,0,0,2,39,1,0,3,1,0,4,0,20,295,2018
CC61,State,Telangana,19,3,732,51,3,2,77,14,0,0,0,3,0,0,0,0,0,0,0,301,1205,2018
CC62,State,Tripura,5,0,8,0,0,0,3,4,0,0,0,0,0,0,0,0,0,0,0,0,20,2018
CC63,State,Uttar Pradesh,47,73,2351,199,343,191,343,45,0,0,0,59,9,0,75,614,0,0,0,1931,6280,2018
CC64,State,Uttarakhand,3,41,46,16,12,22,13,0,0,0,0,0,0,0,0,0,0,5,0,13,171,2018
CC65,State,West Bengal,28,9,68,25,2,3,39,1,0,0,0,2,0,0,0,0,0,0,0,158,335,2018
CC66,Union Territory,A & N Islands,0,0,3,0,3,0,0,0,0,0,0,0,0,0,0,0,0,0,0,1,7,2018
CC67,Union Territory,Chandigarh,0,0,19,3,0,7,0,0,0,0,0,0,0,0,0,0,0,0,0,1,30,2018
CC68,Union Territory,D & N Haveli,0,0,0,0,0,0,0,0,0,0,0,0,0,0,0,0,0,0,0,0,0,2018
CC69,Union Territory,Daman & Diu,0,0,0,0,0,0,0,0,0,0,0,0,0,0,0,0,0,0,0,0,0,2018
CC70,Union Territory,Delhi,11,4,36,11,4,1,35,0,0,0,0,0,0,0,35,2,0,0,0,50,189,2018
CC71,Union Territory,Lakshadweep,0,0,1,0,0,0,2,0,0,0,0,0,0,0,0,0,0,0,0,1,4,2018
CC72,Union Territory,Puducherry,0,0,0,11,0,0,3,0,0,0,0,0,0,0,0,0,0,0,0,0,14,2018
CC73,State,Andhra Pradesh,16,17,1211,28,4,5,84,88,0,0,0,0,0,0,9,4,0,2,0,418,1886,2019
CC74,State,Arunachal Pradesh,2,2,0,1,0,0,0,0,0,0,0,0,0,0,0,1,0,0,0,2,8,2019
CC75,State,Assam,555,263,243,518,33,14,289,16,0,0,54,3,3,0,0,0,0,0,0,240,2231,2019
CC76,State,Bihar,27,7,844,109,0,5,8,0,0,0,0,0,0,2,46,0,0,0,0,2,1050,2019
CC77,State,Chhattisgarh,2,1,47,2,25,0,30,5,0,0,0,1,1,0,0,0,0,0,0,61,175,2019
CC78,State,Goa,2,1,9,0,2,0,1,0,0,0,0,0,0,0,0,0,0,0,0,0,15,2019
CC79,State,Gujarat,5,20,363,17,308,10,32,1,0,0,0,0,4,0,0,0,0,0,0,24,784,2019
CC80,State,Haryana,2,3,151,16,1,8,57,1,0,0,0,0,0,0,3,4,0,0,0,318,564,2019
CC81,State,Himachal Pradesh,7,3,15,7,6,1,22,1,0,0,4,0,0,0,0,1,0,0,0,9,76,2019
CC82,State,Jammu & Kashmir,5,0,27,4,1,0,5,2,1,0,0,2,0,0,0,0,0,0,0,26,73,2019
CC83,State,Jharkhand,8,0,964,4,0,0,15,0,7,0,0,0,0,8,4,0,0,82,0,3,1095,2019
CC84,State,Karnataka,12,4,11381,43,109,1,90,9,0,0,3,0,0,0,16,2,0,0,0,350,12020,2019
CC85,State,Kerala,68,25,67,6,28,6,70,16,0,0,0,0,0,0,2,7,0,0,0,12,307,2019
CC86,State,Madhya Pradesh,2,2,178,21,113,2,40,2,0,0,0,1,0,0,1,0,1,1,0,238,602,2019
CC87,State,Maharashtra,48,45,3551,35,87,10,557,12,0,0,21,0,0,0,12,1,0,7,0,581,4967,2019
CC88,State,Manipur,0,0,0,0,1,0,3,0,0,0,0,0,0,0,0,0,0,0,0,0,4,2019
CC89,State,Meghalaya,4,7,50,7,2,0,5,2,0,0,0,0,1,0,0,0,0,0,0,11,89,2019
CC90,State,Mizoram,1,2,0,0,0,5,0,0,0,0,0,0,0,0,0,0,0,0,0,0,8,2019
CC91,State,Nagaland,0,0,0,1,0,0,0,0,0,0,0,0,0,0,0,0,0,0,0,1,2,2019
CC92,State,Odisha,24,0,1000,279,0,0,136,0,0,0,0,0,0,0,0,0,0,0,0,46,1485,2019
CC93,State,Punjab,4,8,81,23,21,5,65,4,0,0,0,1,1,0,3,0,0,1,0,26,243,2019
CC94,State,Rajasthan,17,45,938,59,90,6,103,9,0,0,0,3,0,0,12,2,0,0,0,478,1762,2019
CC95,State,Sikkim,0,1,0,0,0,0,1,0,0,0,0,0,0,0,0,0,0,0,0,0,2,2019
CC96,State,Tamil Nadu,39,22,73,21,80,4,65,50,0,0,0,3,6,0,2,3,0,0,0,17,385,2019
CC97,State,Telangana,11,4,2013,49,1,6,78,6,0,0,2,2,1,0,10,0,0,0,0,508,2691,2019
CC98,State,Tripura,1,1,2,3,6,0,2,1,0,0,0,0,0,0,0,0,0,0,0,4,20,2019
CC99,State,Uttar Pradesh,301,81,3549,544,953,1293,430,90,0,0,106,31,11,0,61,18,0,0,0,3948,11416,2019
CC100,State,Uttarakhand,4,8,28,5,1,0,11,0,0,0,0,0,0,0,0,0,0,0,0,43,100,2019
CC101,State,West Bengal,28,9,68,25,2,3,39,1,0,0,0,2,0,0,0,0,0,0,0,158,335,2019
CC102,Union Territory,A & N Islands,0,0,0,0,0,0,0,0,0,0,0,0,0,0,0,0,0,0,0,2,2,2019
CC103,Union Territory,Chandigarh,4,0,7,0,0,0,7,0,0,0,0,0,0,0,0,0,0,0,0,5,23,2019
CC104,Union Territory,D & N Haveli,0,0,0,0,0,0,0,0,0,0,0,0,0,0,0,0,0,0,0,0,0,2019
CC105,Union Territory,Daman & Diu,0,0,0,0,0,0,0,0,0,0,0,0,0,0,0,0,0,0,0,3,3,2019
CC106,Union Territory,Delhi,4,0,31,15,0,1,21,0,0,0,1,0,0,0,0,0,0,0,0,42,115,2019
CC107,Union Territory,Lakshadweep,4,0,0,0,0,0,0,0,0,0,0,0,0,0,0,0,0,0,0,0,4,2019
CC108,Union Territory,Puducherry,0,0,0,0,0,0,0,0,0,0,0,0,0,0,0,2,0,0,0,2,4,2019
CC109,State,Andhra Pradesh,83,39,1149,56,15,2,169,67,0,0,0,0,2,0,42,0,0,4,0,271,1899,2020
CC110,State,Arunachal Pradesh,1,0,26,0,0,0,0,0,0,0,0,0,0,0,0,0,0,2,0,1,30,2020
CC111,State,Assam,654,164,242,447,85,35,483,24,0,0,0,58,12,0,3,0,0,0,0,1323,3530,2020
CC112,State,Bihar,84,34,1218,102,19,12,32,7,0,0,0,0,1,0,3,0,0,0,0,0,1512,2020
CC113,State,Chhattisgarh,0,1,75,7,41,0,35,0,0,0,2,0,0,0,1,0,0,0,0,135,297,2020
CC114,State,Goa,0,0,25,0,10,0,4,0,0,0,0,0,0,0,0,0,0,0,0,1,40,2020
CC115,State,Gujarat,6,31,875,26,203,43,37,3,0,0,0,6,8,2,5,4,0,0,0,34,1283,2020
CC116,State,Haryana,14,3,157,17,9,1,70,1,0,0,0,0,2,0,8,6,0,0,0,368,656,2020
CC117,State,Himachal Pradesh,2,1,19,9,15,0,34,3,0,0,0,0,1,0,6,1,0,1,0,6,98,2020
CC118,State,Jharkhand,4,4,1069,14,2,0,13,0,7,0,0,0,7,13,0,0,0,49,0,22,1204,2020
CC119,State,Karnataka,147,13,9680,74,368,0,191,18,0,0,0,3,1,2,17,4,0,0,0,223,10741,2020
CC120,State,Kerala,44,34,96,21,58,10,138,10,0,0,0,0,0,0,0,1,0,0,0,14,426,2020
CC121,State,Madhya Pradesh,7,6,292,13,66,2,119,3,0,0,0,0,0,0,7,0,0,0,0,184,699,2020
CC122,State,Maharashtra,36,105,3413,45,76,32,612,9,0,0,0,3,2,0,14,0,0,0,0,1149,5496,2020
CC123,State,Manipur,0,2,40,0,3,0,10,10,0,0,0,0,0,0,0,0,0,0,0,14,79,2020
CC124,State,Meghalaya,6,10,81,7,9,0,9,1,0,0,1,0,0,0,0,0,0,1,0,17,142,2020
CC125,State,Mizoram,0,0,3,0,2,3,1,1,0,0,3,0,0,0,0,0,0,0,0,0,13,2020
CC126,State,Nagaland,0,0,5,0,1,1,0,0,0,0,0,0,0,0,0,0,0,0,0,1,8,2020
CC127,State,Odisha,1,33,1380,175,0,0,239,0,0,0,0,0,0,0,0,0,0,0,0,103,1931,2020
CC128,State,Punjab,4,19,164,29,19,3,58,2,0,0,0,7,2,0,1,3,0,0,0,67,378,2020
CC129,State,Rajasthan,22,10,641,42,73,11,67,4,0,0,0,4,0,0,17,0,0,0,0,463,1354,2020
CC130,State,Sikkim,0,0,0,0,0,0,0,0,0,0,0,0,0,0,0,0,0,0,0,0,0,2020
CC131,State,Tamil Nadu,83,57,134,112,43,7,192,108,0,0,0,0,16,0,0,19,0,0,0,11,782,2020
CC132,State,Telangana,96,24,4436,115,3,0,85,8,0,0,0,0,1,0,0,0,0,0,0,256,5024,2020
CC133,State,Tripura,14,1,11,0,2,0,3,1,0,0,0,0,0,0,0,1,0,0,0,1,34,2020
CC134,State,Uttar Pradesh,78,210,4674,1055,547,87,560,73,0,0,96,82,35,0,76,36,0,5,0,3483,11097,2020
CC135,State,Uttarakhand,11,5,98,33,6,0,44,1,0,0,0,0,0,4,2,0,0,0,0,39,243,2020
CC136,State,West Bengal,66,8,72,12,3,3,44,1,0,0,0,0,0,0,1,0,0,0,0,502,712,2020
CC137,Union Territory,A & N Islands,0,0,0,1,0,0,2,0,0,0,0,0,0,0,0,0,0,0,0,2,5,2020
CC138,Union Territory,Chandigarh,0,0,7,1,0,0,7,0,0,0,0,0,0,0,0,0,0,0,0,2,17,2020
CC139,Union Territory,D & N Haveli ,0,0,0,0,0,0,3,0,0,0,0,0,0,0,0,0,0,0,0,0,3,2020
CC140,Union Territory,Daman & Diu,0,0,0,0,0,0,0,0,0,0,0,0,0,0,0,0,0,0,0,0,0,2020
CC141,Union Territory,Delhi,2,4,23,15,0,0,20,0,0,0,0,0,0,0,0,0,0,0,0,104,168,2020
CC142,Union Territory,Jammu & Kashmir,3,4,33,9,28,2,12,1,0,0,4,2,1,0,7,0,0,0,0,14,120,2020
CC143,Union Territory,Ladakh,0,0,0,0,0,0,0,0,0,0,0,0,1,0,0,0,0,0,0,0,1,2020
CC144,Union Territory,Lakshadweep,2,0,0,0,0,0,0,0,0,0,0,0,0,0,0,0,0,0,0,1,3,2020
CC145,Union Territory,Puducherry,0,0,4,3,0,0,0,0,0,0,0,0,0,0,0,0,0,0,0,3,10,2020
,,,662,,,,,,,,,,,,,,,,,,,,,
